Emoji,Status,Date Submitted
 Samsa Central Asian Food,Declined,4/8/2024
"""Inukshuk"" or ""Cairn""",Under Consideration,6/24/2024
*sigh*,decline,4/2/2025
#Ad (text in box),Declined,10/12/2016
20-30 Club Logo,Declined,6/10/2016
2D Barcode,Declined,8/1/2022
3D Glasses Face,Declined,2/27/2018
3d printer,Declined,7/15/2021
3D Printer,decline,4/2/2025
Aboriginal Flag,Declined,4/2/2019
Accessibility,Released as Emoji,5/7/2018
Accordion (A),Released as Emoji,7/24/2017
Accordion (B),Released as Emoji,3/29/2019
Ace of Spades,declined,4/2/2025
Acne,Declined,4/9/2020
Acoustic Guitar,Declined,6/10/2021
Adhesive Bandage,Released as Emoji,4/26/2018
Aerial Drone,Declined,5/10/2022
Afro Hair,Declined,9/10/2019
Afro Hair,decline,4/2/2025
Air Conditioner,Expired,6/7/2019
Air Conditioner,Declined,7/8/2022
Air Conditioner,decline ,4/2/2025
Air Horn,Declined,5/7/2024
Air Hug,decline,4/2/2025
Air Taxi,decline ,4/2/2025
AlAhsa Oasis,Declined,7/28/2022
Alcohol-free glass,Declined,7/30/2024
Allergy,Declined,5/21/2018
Almond,Expired,9/3/2019
Almond,Declined,6/25/2021
Aloe,Declined,9/1/2020
AlSadu,Declined,7/28/2022
AlUla,Declined,7/28/2022
american biscuit,Declined,4/10/2024
AMLA,decline,4/2/2025
Amoeba,Declined,5/17/2021
Anglerfish,Expired,2/27/2018
Angry Crying Face,Declined,4/17/2018
Angry Disbelief Face,Declined,7/22/2020
Angry Poo (A),Declined,2/13/2017
Angry Poo (B),Declined,4/23/2019
Annoyed,Declined,6/1/2021
Antibody,Declined,7/31/2024
anvil,Declined,4/24/2024
APARTMENT,Declined,6/28/2022
Aperitivo Cheers,Declined,5/9/2024
Apple Core / Compost ,Under Consideration,7/31/2024
Arabic Coffee Cup,Declined,7/27/2022
Arcade,Declined,8/31/2021
Archaeology,Declined,8/27/2021
Arm with Birthmark,Declined,7/31/2024
Armadillo (B),decline,4/2/2025
Arrogant Face,Declined,7/31/2022
Arrowhead,Declined,5/21/2018
Arrowhead,Declined,7/31/2024
Artichoke,Declined,8/13/2019
artichoke,Declined,7/15/2022
Artificial Intelligence,decline ,4/2/2025
Asexual Flag,Declined,8/10/2021
ASL Help,Declined,10/30/2020
Assistance Dog,Released as Emoji,1/11/2018
Assyrian flag,Declined,6/17/2020
At Turaif,Declined,7/28/2022
Atom,Declined,4/9/2022
AURORA,Declined,6/24/2022
Australian,Declined,7/7/2017
Australian Rules Football,Declined,7/30/2024
Autism Infinity Symbol,decline,4/2/2025
Auto Rickshaw,Released as Emoji,3/28/2018
Avoid Plastic,decline,4/2/2025
AWAMORI,decline,4/2/2025
Awareness ribbons,Declined,1/8/2018
Awesome Face,Declined,1/3/2018
Axe (A),Released as Emoji,1/3/2018
Axe (B),Declined,3/2/2018
Axolotl,Declined,4/15/2022
Baby Buggy,Declined,5/6/2024
Back-of-head,Declined,4/18/2024
Bacteria,Declined,4/10/2017
Bacteria/Virus,Released as Emoji,2/27/2018
Baffled-Face,Declined,5/4/2022
Bag of Chips,Declined,7/25/2022
bagpipe,declined,4/2/2025
Balance Beam,declined,4/2/2025
Ballet,Released as Emoji,4/12/2018
Ballet Shoes (skintones),Declined,6/17/2020
bamboo,Declined,7/24/2022
Bamboo Steamer,decline,4/2/2025
Bandura,Declined,7/7/2020
Banjo,Released as Emoji,4/17/2018
BANK BOOK,Declined,7/26/2022
Bao,Declined,7/22/2022
BAR,Declined,5/18/2022
Barbecue (A),Declined,11/30/2017
Barbecue (B),Declined,11/14/2018
Barbecue (C),Declined,3/31/2020
Barbed Wire,Declined,8/1/2022
Barbell,Declined,4/16/2019
Barn,Declined,2/3/2020
Barrel,Declined,4/27/2022
baseball bat,Declined,5/22/2024
Basque flag,Declined,6/7/2017
Bathroom Scale,Expired,2/27/2018
Bayern way of life,declined,4/2/2025
BBQ,Declined,6/5/2024
Bean (A),Declined,4/10/2017
Bean (B),Released as Emoji,10/2/2018
Bean (C),Released as Emoji,11/19/2019
Beard,Released as Emoji,9/22/2016
Beaver,Released as Emoji,4/16/2019
beckoning cat,Declined,5/16/2024
beet,Released as Emoji,4/16/2021
Beetle,Released as Emoji,4/23/2019
Beijing Repose,Declined,7/26/2016
Belgian Beer,Declined,3/16/2016
Bell Pepper (Capsicum),Released as Emoji,9/25/2018
Belt,Declined,4/4/2022
Bench,Declined,3/20/2020
Berber flag,Declined,7/6/2017
BeStrong support,Declined,2/2/2016
BINDI EMOJI,Declined,8/31/2021
Binoculars,Declined,5/22/2021
bird footprints,Declined,8/1/2024
Bird Nest,Released as Emoji,2/6/2020
Birth Control Pill (A),Expired,4/18/2018
Birth Control Pill (B),Declined,8/12/2020
Biryani,Declined,3/20/2020
Biscuit,Declined,5/6/2020
Bisexual Flag,Declined,2/4/2020
Bitcoin (emojification),Declined,3/12/2020
Biting Lip,Released as Emoji,4/1/2019
Bitter gourd,Declined,8/25/2021
Black American Heritage,Declined,4/2/2024
Black Cat,Released as Emoji,7/17/2019
black forest girl ,decline,4/2/2025
Black Hole,Under Consideration,4/2/2025
Black Panther,Declined,5/13/2024
Black Pepper,Declined,4/4/2022
Black Sheep,Declined,8/26/2021
Black Swan,Declined,7/15/2022
Blank Emoji,Declined,4/14/2024
"Blessing Gesture  (In short ""Blessy"")",Declined,4/17/2021
Blimp,Declined,1/8/2020
Blissful_face ,decline,4/2/2025
Blobfish,Declined,9/9/2019
Blood bag,Declined,5/16/2017
Blood Bag (B),Declined,12/18/2020
Blood Donor,Expired,2/27/2018
Blood Drop,Released as Emoji,4/3/2018
Blood Pressure,Expired,9/21/2017
Bloody Mary,decline,4/2/2025
Blowing Raspberry Face,Declined,2/26/2019
BLUE FIRE,decline,4/2/2025
Blue Light,Expired,11/20/2018
Blue Rose,Declined,5/18/2024
Blue Sky,Declined,7/29/2024
Blueberries,Released as Emoji,4/23/2019
Bluebonnet,decline,4/2/2025
Blueprint,Declined,1/17/2020
Bluray Disk,Declined,11/7/2017
Blushing Face Blowing Gum,Decline,4/2/2025
board,Declined,5/17/2024
Bologna,Declined,8/22/2019
BONNET,Expired,8/28/2021
BONNET,Expired,6/7/2022
Boomerang,Released as Emoji,11/21/2018
Borscht,Declined,6/16/2021
Bottlecap,Declined,6/1/2022
Bowl with Spoon,Released as Emoji,11/14/2016
Bowls,Expired,12/18/2018
Bowls,decline,4/2/2025
Box Braids,decline,4/2/2025
Boxing Gloves,Released as Emoji,9/17/2015
Bra,Declined,7/28/2024
Braces,Expired,2/20/2018
Braces,Declined,8/10/2021
Braided Bread (Challah),Declined,8/1/2022
Braided Bread (Challah),Declined,8/1/2022
Braille Reading Hand,Declined,5/6/2020
Break / Kit-Kat,Declined,1/7/2016
Breakdance,Declined,5/15/2024
Breakdance,Declined,5/16/2024
Breaking Chain Link,Released as Emoji,7/17/2022
Breaking Point,Declined,6/1/2022
BREASTMILK DROP ,Decline,4/2/2025
Breath Face,Released as Emoji,11/19/2019
Briefs/Shorts,Released as Emoji,4/27/2018
Brittany flag,Declined,6/21/2017
Broccoli,Released as Emoji,11/14/2016
Broken Bone,decline,4/2/2025
Broken Wire,Declined,5/16/2024
Brooks Running,Declined,6/22/2016
"Brown Mushroom (Previous proposal)

",Released as Emoji,5/8/2022
Brush Stroke Cross,decline,4/2/2025
Brushing Off Hands,Declined,7/22/2024
Brussels sprouts,Declined,4/16/2021
Bubble Tea,Released as Emoji,2/5/2019
BUBBLEGUM,Declined,7/31/2024
Bubbles (A),Released as Emoji,3/13/2018
Bubbles (B),Released as Emoji,9/17/2019
Bucket,Released as Emoji,4/9/2019
Buffalo/Bison (A),Released as Emoji,8/23/2016
Buffalo/Bison (B),Declined,2/13/2017
Buffalo/Bison (C),Released as Emoji,4/29/2019
Bull Face,Declined,11/30/2017
Bull Skull,Declined,7/28/2022
bun,Declined,7/3/2024
Bundle of green asparagus,Declined,7/17/2024
Burglar,decline,4/2/2025
Butter (A),Released as Emoji,4/12/2018
Butter (B),Released as Emoji,4/12/2018
BUTTON,Declined,5/14/2022
Cabbage,Declined,4/4/2022
Calculator,Declined,7/29/2022
Camera Off,declined,4/2/2025
Camper,decline,4/2/2025
Can't Look Away Face / Face with Peeking Eye,Released as Emoji,11/12/2019
Canada Goose,decline,4/2/2025
CANCER,Declined,7/31/2024
Candy Cane,Declined,7/30/2024
Candy Corn,Declined,7/30/2024
Canele,Declined,5/22/2024
Cannabis (F),Declined,3/29/2019
Cannabis Leaf,decline ,4/2/2025
Cannabis leaf (marijuana) (A),Declined,8/22/2017
Cannabis leaf (marijuana) (B),Declined,8/22/2017
Cannabis leaf (marijuana) (C),Declined,4/3/2018
Cannabis leaf (marijuana) (D),Declined,4/16/2018
Cannabis Leaf (marijuana) (E),Declined,4/2/2018
Canned Fish,Declined,7/31/2024
Canned Ham,Declined,6/23/2024
Cannoli,Declined,4/23/2019
Cannoli,declined,4/2/2025
Canoeist,Declined,6/19/2017
CANOLA,Declined,7/27/2022
Capybara,decline ,4/2/2025
Capybara (A),Declined,11/21/2017
Capybara (B),Declined,9/1/2020
Caravan,Declined,7/19/2022
Caravan / Motor Home,Expired,9/20/2019
Carbon Footprint,Declined,8/13/2021
Cardinal,Expired,11/13/2018
Cardinal,Declined,4/2/2024
Care Face,Declined,7/31/2024
Caregiving Emoji,Declined,4/4/2024
CARGO BIKE,Declined,4/14/2021
Caring Face,decline,4/2/2025
Carnival Masquerader,decline,4/2/2025
Carpentry Saw,Released as Emoji,5/8/2018
carpet,Declined,7/31/2024
Cashew,Decline,4/2/2025
Casino chip,decline,4/2/2025
Catalonia Flag,Declined,7/26/2016
Catalonia Flag seq,Declined,7/7/2017
Cathedral,Declined,8/25/2021
Cauliflower (A),Declined,11/20/2018
Cauliflower (B),Declined,4/23/2019
Cave,Declined,10/30/2020
Caviar,Declined,2/13/2020
çay,Declined,8/31/2021
Centaur,Declined,7/30/2022
Ceviche,Expired,8/22/2019
Chai,Expired,8/26/2020
chai,Declined,8/30/2021
Chai-Biscuit,Expired,6/7/2018
Chainsaw (A),Declined,11/21/2017
Chainsaw (B),Under Consideration,9/17/2019
Chalkbag,Declined,7/31/2024
challah,Declined,7/29/2022
Chameleon,Declined,2/6/2020
Chameleon,Declined,7/31/2024
Champ,Declined,6/2/2017
charging station,Declined,7/26/2022
Cheek Pulling,Expired,9/19/2017
Cheerleader,Declined,6/18/2021
Cheerleader,decline,4/2/2025
Cheers (Raising Glass),Declined,3/20/2020
Cheesecake,Declined,6/26/2024
Chef's Kiss,Declined,8/30/2021
Chelsea Boot,Declined,7/28/2022
Chess,Released as Emoji,11/16/2017
Chest compression,Declined,4/2/2024
CHEWING,Declined,7/31/2024
Chicken Nugget,Declined,7/30/2022
Chicken Sandwich,Declined,4/2/2024
Child labour,Declined,6/17/2021
Child Violence,Expired,6/17/2021
Children Playing,Expired,6/7/2018
Children Playing,Declined,10/16/2018
CHINCHILLA,Declined,8/24/2021
Chip,Declined,9/25/2018
CHIP,decline,4/2/2025
Chip (electronics),Declined,5/28/2020
ChocolateDippedStrawberry,decline ,4/2/2025
Chopsticks,Released as Emoji,1/19/2016
Chrysalis ,Declined,7/31/2024
chrysanthemum,Declined,5/7/2024
CHURROS,Declined,8/26/2021
Cicada,Expired,2/20/2018
cicada,Declined,7/26/2022
Cider of Asturias,Declined,10/4/2016
Cigar (A),Declined,4/2/2019
Cigar (B),Declined,4/2/2019
cinnamon,Declined,7/31/2024
Cinnamon Roll,Declined,7/1/2022
Cinnamon Roll,Declined,7/4/2022
CINNAMON ROLL,Declined,7/19/2022
Circuit Board,declined,4/2/2025
CITY PARK,Declined,7/26/2022
clam,Declined,6/22/2022
Clamshell Mobile Phone,decline,4/2/2025
Classical Guitar,Declined,9/22/2016
Classical Guitar,Declined,5/17/2024
Cleaner,Declined,5/28/2020
Cleric,Declined,5/28/2020
Clever Face,Under Consideration,2/26/2019
Climate,Declined,7/30/2022
Climate change,Declined,7/24/2017
CLIMATE CHANGE,Declined,5/29/2022
Climate Change,Declined,7/30/2022
Climate Change,Declined,7/31/2024
Climber,Released as Emoji,9/6/2016
Clione,Declined,5/17/2024
Clione,Declined,7/30/2024
Clock tower,decline,4/2/2025
Clothing Iron,Expired,4/2/2019
Coat,Released as Emoji,10/24/2016
Coat Hanger,Declined,5/20/2019
cobblestone,Declined,7/29/2024
Cochlear Implant,Declined,2/6/2020
Cockroach,Released as Emoji,4/2/2019
Coconut,Released as Emoji,10/4/2016
Code,Declined,9/10/2020
Coffee with sleeve,Declined,4/28/2022
Cognac Pennant,decline,4/2/2025
Coin (A),Released as Emoji,7/19/2017
Coin (B),Released as Emoji,9/25/2018
Color guard,Declined,6/2/2017
Color swatches,Declined,2/21/2017
Colored Bottles,Declined,4/23/2019
Colored Circles,Released as Emoji,4/24/2018
COLORED PUZZLE CUBE,Declined,7/31/2024
colour modifiable ribbon,decline,4/2/2025
Colour modifiers,Declined,10/3/2017
Comb,Declined,8/27/2021
Come Here Hand,Declined,1/17/2020
Community (family),Declined,4/16/2019
Community (group),Declined,5/6/2020
Compost,Declined,7/31/2022
Computer Terminal,Declined,5/7/2022
Concha,Declined,8/1/2022
Concrete Emoji,Declined,7/22/2024
Condom,Declined,8/5/2016
Condom,Declined,7/14/2022
Conspiracy Emoji,Declined,4/4/2022
CONTAINER,decline,4/2/2025
Convertible,Expired,9/3/2019
Cooked Turkey,Declined,7/19/2017
Cooking Oil,Under Consideration,4/2/2025
Cooking Pot,Under Consideration,1/22/2019
Coral,Released as Emoji,5/19/2020
Coral (B),Declined,6/9/2020
Cornrows,decline,4/2/2025
Cosmo,Declined,7/20/2022
Cossack,Declined,7/26/2022
cotton,Declined,7/29/2022
COTTON CANDY,Declined,6/29/2022
couch-potato,decline,4/2/2025
cough,decline,4/2/2025
Couscous,Declined,7/31/2024
Cowboy hat,Declined,8/30/2021
COWGIRL AND COWBOY,decline ,4/2/2025
COZY FACE,Declined,7/27/2022
CPR,Declined,1/17/2020
cracked face,Recommended to UTC,4/2/2025
Cracker,Declined,4/5/2022
Cranberry,Declined,7/13/2021
Cranberry,Declined,8/17/2017
Crane Bird,Declined,7/30/2024
Crepe,Declined,7/31/2020
Cricket,Released as Emoji,10/27/2016
CRINGE FACE,decline ,4/2/2025
Crossed Arms,Declined,6/17/2020
Crossed eyes face,Declined,5/27/2024
Crossword,decline,4/2/2025
Crow,Released as Emoji,9/10/2019
Crumpet,Declined,7/31/2022
Crumpet,Declined,7/31/2022
Crutch,Released as Emoji,11/12/2019
Crying skull,decline,4/2/2025
Crystal,Declined,6/4/2024
CT Scan,Declined,12/18/2020
Cuddling,decline,4/2/2025
Curling Stone,Released as Emoji,5/10/2016
Curly Lips,Expired,2/13/2017
Curly Lips,Declined,8/1/2024
Currency of Kazakhstan,Declined,4/8/2024
Currency of Uzbekistan,Declined,4/8/2024
Currywurst,Declined,6/6/2022
Custard Tart,decline,4/2/2025
Cute Face,Declined,2/13/2018
Cutlet,Declined,8/22/2017
CYAN CIRCLE,Declined,4/28/2021
CYAN HEART,Declined,4/28/2021
CYAN SQUARE,Declined,4/28/2021
Cylinder,Declined,7/1/2024
Cymbal,Declined,5/18/2022
Cymbals,Declined,4/11/2022
d20 (Twenty Sided Die),decline,4/2/2025
D20 20-sided die,Declined,10/3/2017
Dab,Declined,7/31/2024
Dabbing Face,Decline,4/2/2025
Dabbing person,Declined,2/3/2020
Dallah,Declined,7/28/2022
Dandelion,Declined,8/30/2021
Dangerous Sun,Declined,3/29/2018
Dark Beer,Declined,3/8/2016
Database,Declined,4/2/2024
Date Fruit,Declined,5/28/2020
Daydreaming face,Declined,6/21/2022
Dazed,decline,4/2/2025
Decorator Paintbrush,Declined,7/31/2024
Deep Thought,declined,4/2/2025
Deer Stalker Hat,Declined,4/2/2018
Defibrillator,Declined,4/2/2024
Dejected Face,Declined,3/29/2018
Delivery Worker,declined,4/2/2025
Dental Chair,Declined,4/23/2019
Dentist,decline ,4/2/2025
Derby Hat with Flower,Declined,7/14/2024
Designer,Declined,10/16/2018
Determined Face,Declined,8/25/2021
dhol,decline ,4/2/2025
Diaper,Declined,2/27/2018
Diaper,Declined,6/11/2019
Digital Calculator,decline,4/2/2025
Dim Sum,Declined,2/3/2020
Dinosaur,Released as Emoji,10/26/2016
Dirt Bike ,Declined,7/27/2024
Dirt/Soil,Declined,4/8/2024
Dirty Sponge,Declined,7/31/2024
Disabilities,Released as Emoji,6/19/2019
Disabled Skier in MonoSki,decline,4/2/2025
Disapproving Face,Declined,9/9/2020
Disguised Face,Released as Emoji,9/25/2018
Disgusted Face,Declined,5/22/2018
Disturbed Face,decline,4/2/2025
Diver,Declined,8/27/2020
divers beer emoji,Declined,4/23/2024
Diya,Released as Emoji,10/3/2017
Dizzy Person,Declined,5/21/2018
DJ,Declined,4/2/2024
DJ Music Producer,Expired,12/5/2017
Dodo,Released as Emoji,1/2/2018
Doge,Declined,4/12/2018
Dogs,Declined,6/22/2016
Domino,Declined,7/22/2020
Donate,Declined,4/3/2018
Donkey (A),Declined,1/11/2018
Donkey (B),Declined,2/27/2018
Donkey (C),Released as Emoji,3/31/2020
Donkey (D),Declined,1/22/2020
Dosa,Expired,6/4/2019
Dotted Line Face,Released as Emoji,10/22/2019
DRAG QUEEN,Declined,7/30/2022
Dragon Fruit,Declined,6/20/2022
Dragonfly,Declined,2/6/2020
Dragonfly,Declined,4/5/2022
Dragonfly,Declined,6/22/2022
drill,Declined,6/12/2022
Drone,Declined,6/28/2022
Drone (A),Expired,2/13/2018
Drone (B),Declined,3/13/2018
Drone (C),Declined,4/2/2018
Drone (D),Declined,5/6/2020
Drooling Face with Heart Eyes,Declined,3/29/2018
Drop Hand,Declined,1/17/2020
Drop of Pee,Declined,4/9/2019
Drowsy Face Headset,Declined,2/20/2018
druze star,Decline,4/2/2025
Dumpling,Released as Emoji,1/19/2016
Dumpster Fire,Declined,4/9/2024
Dumpster Fire,Declined,4/10/2024
Dumpster Fire (A),Expired,11/16/2017
Dumpster Fire (B),Declined,4/12/2018
durian,Declined,7/24/2022
Durian (A),Expired,9/21/2017
Durian (B),Declined,11/20/2018
E-cigarette,Declined,3/29/2018
Earbud in Ear,Declined,7/21/2024
Earrings,Declined,11/19/2019
Earth,Declined,5/16/2024
Earth-Shattering,Declined,5/2/2022
Earthquake,Declined,7/30/2022
Earthquake (A),Declined,7/12/2016
Earthquake (B),Declined,11/19/2019
Easel,Declined,4/20/2021
Easter Egg,Declined,7/28/2024
Eating Face,Declined,8/27/2020
ECG,Declined,12/18/2020
ECG,Declined,4/5/2024
Eel,Declined,2/13/2020
Egg Roll,Declined,9/9/2019
Egg Tart,Declined,5/4/2021
Eggplant mods,Declined,6/13/2017
Electric Bass,Declined,11/19/2019
Electric Charging Station,Declined,7/7/2022
Electric Vehicle,Declined,7/28/2022
Electric Vehicle with Charger (A),Declined,9/19/2019
Electric Vehicle with Charger (B),Declined,3/31/2020
Elevator,Released as Emoji,11/15/2018
Embarrassed face,Declined,4/6/2022
Embroidered shirt,Declined,7/26/2022
Empanada,Declined,9/10/2020
Empathetic face,Declined,7/30/2022
Empire State Building,Expired,1/3/2018
Emu,decline,4/2/2025
Eng/Scot/Wales Flags,Expired,7/7/2016
Equal Sign,Released as Emoji,2/11/2020
Eraser,Expired,4/12/2018
eraser,Expired,5/19/2024
Ermine,Expired,8/22/2019
ERMINE,decline,4/2/2025
Escalator,Declined,7/1/2024
Esperanto flag (A),Declined,4/12/2017
Esperanto flag (B),Declined,6/6/2017
Estate Playing Cards,Declined,4/7/2022
European Dragon,Declined,7/31/2024
EV Charger,Declined,5/10/2024
Evil Eye,Declined,12/20/2017
Excavator,Declined,11/4/2020
Exhausted Tired Face,Declined,11/14/2018
Explosion,Declined,7/31/2022
Eye Bags Face,Released as Emoji,2/26/2019
Eye Twitch Face,Declined,7/31/2022
Eyelid Pull,Declined,7/31/2024
Eyelid Pull Gesture,Expired,2/6/2020
Eyeliner,Expired,2/20/2018
F-35,Declined,4/12/2022
Face Biting Lip,Declined,11/30/2017
Face Blowing a Bubble Gum,Declined,4/18/2021
Face Holding Back Tears,Released as Emoji,2/4/2020
Face Mask,Declined,1/8/2018
Face Revealing Face,Under Consideration,4/2/2025
Face smelling flower ,Declined,12/6/2022
Face Thinks of Love,Declined,6/7/2018
FACE UNDERWATER,Declined,4/11/2022
Face Wearing Blindfold,Declined,7/28/2024
Face Wiping Brow,Declined,5/10/2024
Face with Binoculars ,Declined,4/18/2024
FACE WITH CROSSED EYES,Declined,7/19/2022
Face With Curly Lips,Declined,10/16/2018
Face with Diagonal Mouth,Released as Emoji,7/14/2020
Face with HMD,Declined,4/3/2018
FACE WITH MUSICAL NOTES,Declined,8/1/2021
Face with nose swab,Declined,8/19/2021
Face with palm on cheek,Declined,12/8/2022
Face with pointing hands,Declined,7/17/2022
Face with Puffed Cheeks,Declined,4/2/2024
Face With Question Mark,Declined,7/26/2022
FACE WITH RAISED INDEX,Declined,8/1/2022
Face with umbrella,Declined,4/5/2022
FACE WITH VR HEADSET,Declined,4/22/2022
Facepalm (non-gender),Declined,10/12/2016
FACEPALMING FACE Emoji,Declined,7/30/2021
Falafel,Released as Emoji,4/4/2018
FALLERO TRADITIONAL DRESS,decline ,4/2/2025
Falling Emoji,Declined,7/31/2024
Falling person faceup,Declined,7/24/2024
Fanning Hands,Declined,4/27/2024
FANOOS,Declined,7/31/2022
Fat Person,Declined,4/9/2019
Feather (A),Released as Emoji,6/7/2018
Feather (B),Released as Emoji,8/7/2018
Feeling Loved Face,Declined,12/17/2019
Feet,Declined,11/7/2017
Female Runner,Released as Emoji,11/7/2015
Fence/Wall,Declined,7/26/2024
Ferret (A),Declined,10/30/2020
Ferret (B),Declined,10/30/2020
Fig,Declined,4/26/2020
Fig,Declined,7/26/2022
Figa / Expressive Thumb / FIST WITH INDEX FINGER OVER THUMB,Under Consideration,3/19/2019
Fight Cloud,Released as Emoji,7/2/2024
Filling Heart,Declined,2/3/2020
Finger Heart,Declined,6/4/2019
Fingerprint,Released as Emoji,5/19/2020
Firefly,Declined,11/4/2020
Firefly,Declined,6/16/2022
Firefly,Declined,5/21/2024
First Aid Ointment,Expired,11/30/2017
Flag of Brittany,Declined,10/30/2018
Flag of Northern Cyprus,Declined,7/24/2017
Flame Eyes,Declined,5/12/2024
Flamingo (A),Declined,11/24/2015
Flamingo (B),Released as Emoji,11/30/2017
Flamingo (C),Released as Emoji,4/4/2018
Flash Drive,Declined,3/15/2018
Flat Tyre (Wheel),Under Consideration,4/23/2019
Flip-Flop (B),Declined,4/16/2019
Flipping Hair with Hand,decline,4/2/2025
Flood,Expired,7/24/2017
FLOOD,Declined,7/1/2024
Floss,Declined,4/23/2019
FLOUR,Declined,8/31/2021
Flushed Shouting Face,Declined,5/3/2022
Flute (A),Declined,11/16/2017
Flute (B),Released as Emoji,5/7/2019
Fly,Released as Emoji,10/16/2018
Flying heart,Declined,4/5/2022
Flying Saucer,Released as Emoji,8/2/2016
Folding Hand Fan,Released as Emoji,7/5/2021
Fondue,Released as Emoji,11/14/2018
Food Cart,Under Consideration,8/31/2021
Foot on neck emoji,Declined,7/16/2024
foot on your neck emoji,Declined,7/24/2024
Football Expressive,Declined,2/14/2017
Footprint (Shoeprints),Declined,8/25/2021
Forget-me-not,Declined,4/16/2019
Forgive,Declined,5/6/2020
Forking Right Arrow,decline,4/2/2025
FORKLIFT,Declined,6/21/2022
Forklift,Declined,7/29/2022
Fortune Cookie,Released as Emoji,1/19/2016
Fourth Monkey,Expired,7/10/2017
Freight wagon,Declined,7/8/2021
Fried Chicken,Declined,7/24/2017
friendly emoji,decline,4/2/2025
Friendly-Finger,decline,4/2/2025
Frisian Flag,Declined,7/9/2018
Frowning Poo,Declined,10/31/2017
Frozen Pop,decline ,4/2/2025
Fufu,Expired,6/4/2019
Fungus,Declined,2/13/2020
Galaxy,Declined,7/31/2024
Galleon,Declined,2/13/2020
Game Master,Expired,11/21/2017
Game-Of-Life-Glider,Declined,8/10/2021
gamer,Declined,7/29/2022
Gap Tooth Face,Declined,4/14/2022
Garlic,Released as Emoji,3/20/2018
GAS GIANT,Declined,7/30/2022
Gas Mask,decline,4/2/2025
Gauge,decline,4/2/2025
Gavel,Declined,5/23/2021
Gazing,Declined,7/25/2021
Gear Shift,Declined,2/3/2020
Gefilte Fish,Declined,8/1/2022
Gelato with Three Scoops,Declined,6/6/2024
Gender Gap Fill,Declined,3/16/2016
gender star,Declined,5/21/2024
Geometric Capital S,Declined,7/31/2024
Germ,Declined,9/5/2017
Gesto de hablar,Declined,2/13/2020
Gesto de hablar,Declined,4/16/2024
Gin and Tonic,Declined,4/16/2019
Ginger,Released as Emoji,5/5/2021
Ginger Princess,Declined,7/22/2020
Gingerbread Man,Declined,5/23/2024
Giong,Decline,4/2/2025
Girl Power,Expired,6/22/2016
Glass of Water,Declined,5/19/2020
Glider,Declined,8/12/2019
Glitch Flower,decline ,4/2/2025
Global Warming,Declined,5/16/2024
global warming,Declined,5/19/2024
Global warming,Declined,7/30/2024
Globe Showing Antarctic,Declined,3/24/2020
Globe Showing Arctic,Declined,3/24/2020
GLOBE WITH ARROWS,decline,4/2/2025
Gloriosa,Declined,7/31/2024
Gloves,Released as Emoji,10/24/2016
Glowing Heart,Declined,7/26/2024
Glue,Expired,4/23/2019
Gluten  Free,Declined,1/8/2020
Gluten Free,decline,4/2/2025
Gnome,Declined,4/15/2022
Gold,Expired,6/11/2018
gold,Declined,7/14/2024
Gold Bar,Declined,4/7/2024
gold ring,Expired,4/2/2025
Goldfish,Declined,8/1/2024
Golf ball,Declined,7/26/2024
Goose,Released as Emoji,12/6/2019
Goose (B),Declined,6/9/2020
gopher-face,decline ,4/2/2025
Gourd,Expired,8/25/2021
grapefruit,Declined,7/30/2024
Grass,Declined,7/31/2022
Grateful Arab in Thobe,decline,4/2/2025
Grateful Face,Declined,7/28/2020
Grater,Declined,7/9/2024
gratitude,decline ,4/2/2025
Grave and Incense,Expired,6/19/2018
Gray Circle,decline ,4/2/2025
Gray Heart,Released as Emoji,4/15/2021
Green Grapes,Declined,7/13/2024
Green Pendant,Declined,6/17/2024
Green Thumb,Declined,8/10/2020
Greetings and heartfelt thanks (air hug),Declined,8/30/2021
Grill,Declined,6/2/2017
GRITTER,Declined,7/29/2022
GROCERY BAG FULL OF FOOD,Declined,5/6/2024
Guacamole,Declined,7/31/2022
Guacamole and Lime,Declined,4/16/2018
Guava,Declined,6/22/2022
Guillotine,Declined,7/28/2020
Guinea Pig,Declined,3/21/2020
Guinea pig,Declined,5/13/2024
Gull,Under Consideration,9/10/2019
gun-fingers,Declined,4/5/2022
Gurdwara emoji,Declined,6/1/2021
Gym Dumbbell,Declined,7/30/2024
gymnastics rings,Declined,8/31/2021
Gypsy flag,Declined,8/31/2021
hacker,Declined,4/18/2024
Haggis,Declined,2/19/2019
Hail inscriptions,Declined,7/28/2022
Hair dryer,Declined,4/2/2024
Hair flip emoji,decline ,4/2/2025
HAIR PICK,Released as Emoji,5/31/2021
Hairbrush,Declined,7/22/2021
Hairy Creature,Released as Emoji,8/8/2021
Haitians,Expired,8/3/2016
HaldiKumkum,Declined,4/3/2024
HALF FACE OF THE MOON,Declined,7/21/2022
Hammock,Declined,8/26/2020
Hamsa (A),Declined,3/13/2018
Hamsa (B),Released as Emoji,8/6/2020
Hand Clasp,Declined,7/5/2017
Hand Heart / Heart-Hands,Released as Emoji,2/11/2020
Hand Heart / Heart-Hands,Declined,12/11/2018
Hand Kiss (A),Expired,9/19/2017
Hand Kiss (B) ZWJ,Declined,3/13/2018
Hand Kiss (C) ZWJ,Declined,3/13/2018
Hand Stencil,Declined,7/14/2020
Hand Throwing Powder,Under Consideration,2/6/2020
Hand Twirling Mustache,decline ,4/2/2025
Hand Washing,Declined,3/20/2020
Hand Washing,Declined,2/19/2019
HAND WATCH,Declined,7/31/2024
Hand with index finger and thumb crossed,Released as Emoji,10/1/2019
Hand With Palm Up/Down,Released as Emoji,2/26/2020
Hand with Thumb and Ring Ringer Closed,Declined,7/13/2020
HANDS HOLDING THUMBS,Declined,4/15/2021
Hands on Head Gesture,Declined,8/12/2020
Hands Under Chin,Expired,8/13/2019
Hang Glider,decline,4/2/2025
Hanger,Declined,6/29/2022
Hangover,Declined,2/27/2018
Hangry (A),Declined,2/27/2018
Hangry (B),Declined,11/13/2018
Happy Crying with Hearts,Declined,11/19/2019
Harmonica,decline,4/2/2025
Harp,Released as Emoji,5/8/2019
Hat Tip Face,Declined,7/31/2022
Head louse,Declined,4/5/2022
Head louse,Declined,6/22/2022
Head shaking horizontally and  Head shaking vertically,Released as Emoji,12/16/2022
Headache,Declined,8/29/2017
Headbanging,Declined,7/19/2016
Headset,Declined,3/20/2020
Headstone / Grave,Released as Emoji,9/25/2018
Healths,Expired,9/19/2017
Healthy Poo,Declined,2/27/2018
Heart (Organ),Released as Emoji,4/23/2019
Heart Eyes Braces Face,Declined,6/4/2019
Heart Vote,Declined,7/31/2024
"Heart with Chains
",Declined,12/6/2022
Heart With Crown,Declined,12/6/2022
Heart with knife seq,Declined,7/19/2017
Hearts,Declined,10/1/2016
HEATWAVE,Declined,7/1/2024
Heavy Greater-Than Sign,Declined,4/24/2024
Heavy Greater-Than Sign,Declined,4/25/2024
Hedgehog,Released as Emoji,12/14/2016
Help Mark,Declined,5/17/2024
Hemp,Declined,5/10/2024
Henna,Expired,2/20/2018
henna,Declined,7/31/2024
Heron,Declined,6/28/2022
Hesitant Face,decline,4/2/2025
Highland Cattle Face,Declined,8/22/2019
Hima Cultural Area,Declined,7/28/2022
Hindu Temple ,declined,4/2/2025
Hispanic Pride,Declined,7/24/2024
Historic Jeddah,Declined,7/28/2022
HNDS W FNGRTPS PRSD TGTHR,Declined,5/29/2024
Hok San Lion Head,Expired,10/18/2018
Holding breath,Declined,4/2/2024
Hollow Face,decline,4/2/2025
Holly,Under Consideration,2/26/2020
Hoodie,Declined,4/14/2024
Hook,Released as Emoji,11/13/2018
Hop,Declined,5/22/2018
Hope,Declined,3/20/2020
Horseshoe,Declined,3/19/2019
Horseshoe,Declined,7/31/2024
Hostel,Declined,8/25/2021
Hot Air Balloon,Under Consideration,1/8/2020
Hot Sauce,Declined,4/2/2019
hotpot,Declined,7/29/2022
Hula Hooping,Declined,11/21/2017
Humanist,Declined,7/26/2022
Humanoid Unicorn,Declined,2/19/2019
Hummingbird,Declined,9/1/2020
HUMMINGBIRD,decline,4/2/2025
Hummus,Declined,5/22/2018
Hungarian kokarda,Declined,6/3/2024
HUNGRY FACE,Declined,7/25/2024
Hut,Released as Emoji,4/9/2019
Hyacinth,Released as Emoji,6/11/2019
Hydration,decline ,4/2/2025
Hyena,Declined,2/4/2019
Ice,Released as Emoji,3/28/2018
ICE POP,Declined,4/13/2022
Ice Resurfacer,Declined,9/9/2020
Iced Coffee,Declined,8/10/2020
ID Card,Released as Emoji,1/8/2020
Idea,Declined,2/13/2018
IMAGINATIVE FACE,Declined,4/25/2022
Impressed Face,Expired,5/31/2016
Incense,Under Consideration,9/10/2020
Index Finger Pointing at the Viewer,Released as Emoji,7/28/2020
Indian Emojis,Expired,3/29/2018
Indignation,Declined,7/31/2024
Indigo heart,Declined,4/5/2022
Indigo heart,Declined,6/21/2022
Inflatable Face,Released as Emoji,7/8/2024
Influncer,decline ,4/2/2025
Inhaler,Declined,7/3/2018
Injera with Wat,Decline,4/2/2025
inline-skate,decline ,4/2/2025
Interesting,Declined,7/30/2024
INTERLOCKING TOY BLOCKS,Declined,4/14/2021
Interracial Heart Hands,decline ,4/2/2025
Intestines,Declined,12/18/2020
Intestines,Declined,4/4/2024
Inverted Pentagram,Declined,12/11/2018
Island Dancers,Expired,4/16/2018
Italian beef,Declined,3/17/2016
IV Bag,Declined,12/18/2020
IV therapy,Declined,8/27/2021
Ivy,decline ,4/2/2025
Jail,Expired,10/23/2018
jalebi,Declined,7/18/2021
Jam,Declined,4/12/2022
jam,Declined,6/22/2022
Jar,Released as Emoji,3/20/2020
Javelin,decline,4/2/2025
Jelly (gelatin),Expired,8/24/2017
Jelly / Gelatin Mould,Declined,8/13/2019
Jellybean,Declined,4/3/2024
JELLYFISH,Released as Emoji,7/19/2021
Jellyfish (A),Declined,1/14/2016
Jellyfish (B),Declined,9/6/2016
Jesus,Declined,1/5/2016
jock,decline,4/2/2025
Jollof Emoji,Declined,8/4/2021
Journalist,Declined,4/16/2018
Jubilation,Declined,12/14/2016
Juice / Beverage Box,Released as Emoji,4/18/2018
jump rope,Declined,5/21/2024
Jumping,Declined,5/27/2022
Jumping,Declined,7/8/2022
Jupiter,Declined,4/2/2024
K-Heart,decline ,4/2/2025
Karen Flag,Declined,2/13/2020
KAZOO,Declined,8/1/2022
Ketchup,Declined,8/24/2021
KHINKALI,Declined,7/31/2022
Kick rocks,Declined,10/3/2017
Kicking,Declined,4/28/2022
Kidney,Declined,12/17/2019
KIDNEYS,Declined,7/19/2022
Kimchi,Declined,3/19/2019
Kiss face fingers pinched,decline ,4/2/2025
Kite (A),Declined,9/21/2017
Kite (B),Released as Emoji,11/30/2017
Kitesurfer,Declined,7/7/2020
Kiwi Bird (A),Under Consideration,4/24/2018
Kiwi Bird (B),Under Consideration,11/12/2019
Knight,Declined,5/5/2021
Knight,decline ,4/2/2025
Knit hat,Declined,7/7/2022
Knitting,decline ,4/2/2025
Knockout Stars,Expired,9/19/2017
Knot,Released as Emoji,4/23/2019
Koi,Declined,7/30/2022
Kola,Declined,4/23/2022
KOOKABURRA ,decline,4/2/2025
Krapfen,Declined,2/3/2020
Kurdish Sun with 21 Rays,Declined,6/16/2024
Kwanzaa,Declined,4/5/2022
L Hands,Declined,4/22/2024
Lacrosse Stick and Ball,Released as Emoji,7/28/2017
Ladder,Released as Emoji,10/23/2018
laddoo,decline,4/2/2025
Ladino,Declined,6/27/2017
Landslide ,Released as Emoji,7/2/2024
Language Translation,decline,4/2/2025
Lantern,Declined,8/13/2020
Large Black Diamond and Large White Diamond,Declined,7/22/2020
Large triangle pointed up,Declined,7/31/2024
Lasagna,Declined,8/27/2020
laser,Declined,5/30/2021
Laser eyes face,Declined,7/20/2022
Later,Declined,10/31/2017
Latin Cornbread,Released as Emoji,4/23/2019
Latte Art Cappuccino,decline ,4/2/2025
Laughing-Devil,Declined,5/19/2022
Leafless Tree,Released as Emoji,5/25/2022
leash,decline,4/2/2025
Leek,Declined,5/6/2022
Leek,Declined,7/20/2022
Leek-Scallion,Expired,3/20/2018
Left Pushing Hand,Released as Emoji,9/10/2020
Left Writing Hand,Expired,4/25/2018
Leg Cast,Declined,12/18/2020
Lemur,Expired,12/18/2018
Lemur,Declined,4/18/2024
liberty left hand,Declined,7/10/2022
Life Preserver / Ring Buoy,Released as Emoji,7/13/2020
Lifesaving,Declined,5/3/2021
Light Blue Heart,Released as Emoji,4/16/2021
LIGHT OFF BULB,Declined,6/4/2021
Light Stick,Declined,5/13/2022
Lighter,Declined,5/15/2024
Lighthouse,Recommended to UTC,4/2/2025
Lighthouse (A),Declined,11/29/2016
Lighthouse (B),Declined,6/19/2018
Lighthouse (C),Declined,9/1/2020
Lightning Hand,Declined,1/3/2018
Lily,decline,4/2/2025
Lily of the valley,Declined,6/21/2024
Lime,Released as Emoji,8/17/2021
Lime,Declined,4/23/2019
Lion and Sun Symbol,Declined,4/12/2024
Lioness Face,Declined,7/30/2022
Litchi,decline,4/2/2025
Liver,Declined,12/18/2020
Liver,Declined,7/30/2022
Loading icon,Declined,5/21/2018
Locs,decline,4/2/2025
Log Cabin,decline,4/2/2025
London Black Taxi Cab,decline,4/2/2025
Long Drum,Released as Emoji,4/1/2019
Long Sandwich,Declined,4/2/2018
Looking Over Glasses Face,Declined,7/30/2024
Loser Hand,Declined,4/4/2022
Lotus Flower,Released as Emoji,10/23/2019
Lotus Position,Released as Emoji,10/12/2016
Lounge Chair,Declined,8/28/2021
Love and Peace Hand; Three- Finger Salute; Three-Finger Gesture,Declined,4/15/2021
Lovely Music,Declined,8/27/2020
Low Battery,Released as Emoji,9/26/2019
Lowrider Car,Declined,7/31/2024
Lung (Organ),Released as Emoji,4/23/2019
Lute,Declined,9/1/2020
Lychee,Declined,6/22/2022
Lynx,Declined,3/20/2020
Macaron,Declined,4/16/2019
Mace,Declined,7/26/2022
Magazine,Declined,1/17/2020
MAGENTA CIRCLE,Declined,4/28/2021
MAGENTA HEART,Declined,4/28/2021
MAGENTA SQUARE,Declined,4/28/2021
Magic Wand,Released as Emoji,7/10/2018
Mammoth,Released as Emoji,12/6/2017
MAN AND WOMAN IN SUIT LEVITATING,Declined,7/31/2022
Man Breast-Feeding,decline,4/2/2025
Man Caregiver,Released as Emoji,4/23/2019
Man Feeding Baby,Released as Emoji,11/26/2019
Man nursing baby,Released as Emoji,11/26/2019
Man walking (Man walking with backpack),Declined,8/25/2021
Man with birthmark,Declined,7/31/2024
Man with Glasses,Declined,11/14/2018
man ziplining,Declined,7/25/2024
Man's Hat,Expired,10/16/2018
Manatee,Expired,2/16/2017
Manatee,Declined,7/30/2022
manatee,Declined,4/18/2024
Maneki Neko / Smiling Waving Cat,Expired,1/14/2016
Manhole (A),declined,4/2/2025
Manhole (A),declined,4/2/2025
Manhole (B),declined,4/2/2025
Manti Central Asian Food,Declined,4/8/2024
mantis,decline,4/2/2025
Manual Transmission,decline ,4/2/2025
Maracas,Released as Emoji,2/11/2020
Marble Statue,Declined,8/1/2022
Margarita,Declined,4/2/2024
Margarita,Declined,5/10/2024
Mariachi,decline,4/2/2025
Marigold,Declined,6/22/2022
Marimba,Declined,9/1/2020
Marmot,Declined,3/11/2019
Maroon Heart,Declined,7/26/2024
Marriage,Declined,7/21/2024
Mars,Expired,11/29/2016
Mars,Declined,4/2/2024
Martenitsa,Declined,7/25/2021
Mask,Declined,2/11/2020
Masonic symbols,Declined,6/21/2017
Masquerader,Declined,8/24/2017
Mate,Released as Emoji,4/17/2018
Maternity Mark,Declined,5/22/2024
Matryoshka / Nesting Dolls,Released as Emoji,4/2/2019
Matterhorn,Declined,5/22/2018
Maze,Declined,12/18/2020
Maze,Declined,4/12/2018
Meatball,Declined,4/9/2019
Melting Face,Released as Emoji,2/24/2020
Melting Heart,decline,4/2/2025
Mending Heart,Released as Emoji,11/19/2019
MENOPAUSE,Declined,6/28/2024
Menstrual cup,decline,4/2/2025
Mental Well-being,Declined,5/6/2020
Mercury,Declined,4/2/2024
Mermaid,Released as Emoji,10/6/2016
Metal,declined,4/2/2025
Metamorphosis,Declined,2/3/2020
Meteor,Recommended to UTC,4/2/2025
Mezcal Tequila,Declined,11/16/2017
Mic drop,Declined,8/17/2017
Microchip,Declined,7/19/2022
Microwave,Declined,4/13/2024
Microwave,Declined,4/27/2024
Milanesa,Declined,4/2/2024
Military Helmet,Released as Emoji,6/7/2018
Military Law Enforcement,Declined,3/29/2019
Milkshake,Declined,12/11/2018
Millstone,Declined,7/28/2024
Mirror,Released as Emoji,4/2/2019
Mirror Ball (Disco Ball),Released as Emoji,8/23/2019
Mirror modifier,Expired,7/25/2017
Misc ‘complementary’ [64],Declined,10/4/2016
mitochondrion,Declined,7/31/2024
MOKA,Declined,8/25/2021
Mole,Declined,2/11/2020
Monarch Butterfly,Recommended to UTC,4/2/2025
Moose (A),Released as Emoji,11/20/2018
Moose (B),Expired,7/14/2020
MOREL,Declined,5/9/2022
Moss,Declined,4/7/2024
Moss ,Declined,8/1/2024
Moth (A),Under Consideration,2/11/2020
Moth (B),Declined,5/28/2020
Mouse Trap,Released as Emoji,4/23/2019
Moustache,decline ,4/2/2025
mRNA,Declined,5/26/2022
Mudra / HAND WITH INDEX FINGER AND THUMB FORMING A CIRCLE,Under Consideration,9/20/2019
Muffin,Declined,11/19/2019
mulled wine,Declined,7/30/2024
Multiperson Emoji ZWJs ,Released as Emoji,7/31/2024
Mushroom Cloud,Declined,7/31/2022
Musical Instruments,Expired,12/9/2015
Mustache,decline,4/2/2025
Mustard,Declined,11/27/2018
Naan,Declined,11/19/2019
Nacatamal,Expired,3/23/2017
nacho,Declined,7/3/2021
Nacho,Declined,7/31/2022
Najar,Declined,7/28/2022
NALOXONE,Declined,7/27/2022
Narwal,Declined,6/7/2024
Narwal,Declined,6/9/2024
NATO flag (A),Declined,1/11/2018
NATO flag (B),Declined,10/30/2018
Needle,Released as Emoji,3/29/2019
Neptune,Declined,4/2/2024
Net with Handle,Reccommended to UTC,2/6/2020
Net Zero,Declined,8/13/2021
Network,Declined,4/23/2019
Neurodiversity,Declined,8/7/2018
Neutral Face Closed Eyes,Declined,7/30/2024
Neutral Face with Cracks,Declined,4/26/2024
Neutral Face with Tear,Decline,4/2/2025
Neutral Face with Tongue,decline ,4/2/2025
Nine pointed star,Declined,7/24/2017
Nine Pointed Star,declined,4/2/2025
Ninja (A),Declined,9/19/2017
Ninja (B),Released as Emoji,6/7/2018
No cars,Declined,4/4/2022
No Cars,Declined,5/15/2022
No Peanuts,Declined,1/8/2020
Noob,Declined,4/19/2021
Northern Ireland flag,Declined,4/11/2017
Not Equal Sign,Declined,2/11/2020
Notary Stamp Self Inking,declined,4/2/2025
Nowruz,Declined,4/28/2024
Nowruz - New Year ,Declined,4/8/2024
Nuclear Power,Declined,8/13/2021
Nudibranch,Declined,7/31/2020
Nut Butter,declined,4/2/2025
O,Declined,7/14/2020
Oak,Declined,9/10/2020
Object related,Declined,8/16/2017
Ocean Container,Declined,4/18/2022
Olive,Released as Emoji,4/23/2019
Olive branch Wreath,Declined,4/14/2024
Olive oil,Expired,8/30/2021
Olive oil,Expired,4/2/2024
Omelet,Declined,4/22/2021
One Piece Swimsuit,Released as Emoji,4/27/2018
Onion,Released as Emoji,3/20/2018
Open Door,Declined,5/20/2020
Open Eyed Face With Tears of Joy,Declined,12/18/2018
Open Minds,Declined,9/10/2020
Open mouth / heart eyes,Expired,5/19/2017
Opossum,Declined,6/11/2021
Opossum,Decline,4/2/2025
Orange Heart,Released as Emoji,5/4/2016
Orangutan,Released as Emoji,4/25/2018
Orca,Released as Emoji,2/20/2019
Orchid,Under Consideration,11/5/2019
origami,Declined,6/20/2021
Origami,Declined,4/16/2024
Ostrich,Expired,10/4/2016
OSTRICH EMOJI,Declined,6/6/2024
Otter,Released as Emoji,4/3/2018
Oud,Under Consideration,7/28/2022
Ouroboros,Declined,6/20/2021
Outstretched Hand,Declined,5/22/2018
Oyster (A),Released as Emoji,6/30/2017
Oyster (B),Released as Emoji,4/17/2018
Oyster-Mushroom,Declined,5/9/2022
Paan,Declined,7/12/2019
Pacifier,Declined,6/11/2020
Padel,Declined,8/1/2022
padel_racket,decline ,4/2/2025
Padron Pepper,Declined,7/3/2018
Paint Roller,Declined,7/31/2024
Paint Tin,Declined,7/31/2024
Pair of Handcuffs,decline ,4/2/2025
Pajamas,Declined,7/15/2021
Pallet,Declined,4/9/2022
Palms on Cheek Face,Expired,7/22/2021
Pan-African Flag,Declined,8/19/2020
Pandeiro,Declined,9/1/2020
PANETTONE,Declined,7/16/2024
Pangaea (Globe),Declined,2/13/2020
Pangolin,Declined,9/17/2019
Panipuri,Declined,4/28/2024
Paper Bag Face,Declined,4/10/2024
Paper Crane ,Declined,4/4/2024
Paper Crane (A),Declined,2/13/2020
Paper Crane (B),Declined,2/5/2020
PAPER PLANE,Declined,8/28/2021
Parachute,Released as Emoji,1/3/2018
Paralympics (A),Expired,9/21/2016
Paralympics (B),Declined,2/26/2019
Park Ranger,Declined,7/29/2022
Party Cup,Declined,5/28/2020
Passenger Drone (eVTOL),Declined,8/1/2022
PASSION FRUIT,Declined,5/9/2022
Passive Aggressive,decline ,4/2/2025
Pasty,decline ,4/2/2025
Peace Flag,Declined,2/3/2020
Peacock Feather,Declined,5/1/2024
Pearl,Declined,7/31/2024
Pearls,Declined,4/8/2024
Peas,Released as Emoji,2/24/2020
Pecan Nut,Declined,4/3/2024
Pee,Declined,7/30/2022
Peeing Dog,Declined,7/28/2024
Peek-a-boo,Expired,9/19/2017
Peeking Out Emoji,Declined,7/31/2024
Pelican,Expired,2/14/2017
Penalty Cards (A),Expired,12/8/2016
Penalty Cards (B),Declined,3/29/2018
Pentagram,Declined,7/29/2022
Pepper Spray,Declined,11/22/2019
Peppermint Candy,Declined,7/31/2024
Pepperoncini ,decline,4/2/2025
Perfume Glass Bottle,Under Consideration,5/3/2024
Period,Declined,8/17/2017
Period,Declined,4/15/2024
Period pad with blood,decline,4/2/2025
Person behind Podium,Declined,4/2/2024
Person Diving,Declined,4/6/2020
Person Diving,Declined,4/3/2022
Person Diving,Declined,4/3/2022
Person Finger-Tenting,Declined,7/18/2024
Person Hair-Tucking,Declined,7/18/2024
Person Holding Bat,Declined,12/6/2019
Person in VR,decline,4/2/2025
Person Jumping,Expired,2/27/2018
Person Looking in Mirror,Declined,4/2/2019
Person Lying Face Down,decline,4/2/2025
Person Motorcycling,Declined,4/12/2018
Person Playing Polo ,Declined,6/23/2024
Person Pointing at Self,Declined,8/10/2021
Person Pulling Hair Out,decline ,4/2/2025
Person pushing,Declined,7/1/2022
Person reading,Declined,7/21/2022
Person Slipping,Declined,7/31/2024
Person Wearing Fruit Hat,Declined,9/10/2020
Person Wearing Seatbelt,Declined,6/24/2021
Person with Glasses,Declined,11/14/2018
Person with Motorbike Helmet,Declined,5/19/2020
Person/man with headscarf,Declined,7/28/2024
Pestle and mortar,decline ,4/2/2025
Petrified Face,Declined,7/30/2024
PHAGE,Declined,5/18/2021
Pharmacist,decline ,4/2/2025
pharmacy,Declined,4/22/2021
Pharmacy,decline ,4/2/2025
PHILOSOPHIC SHRUG FACE,decline,4/2/2025
Phoenix,Released as Emoji,1/3/2023
Phoenix,Expired,5/19/2021
Phoenix,Declined,7/11/2022
PHONOGRAPH RECORD PLAYER,Declined,7/30/2024
PICKLE,Recommended to UTC,4/2/2025
Pickle,Declined,4/26/2024
Pickle Jar,Declined,5/28/2020
Pickleball,Expired,4/2/2019
Pickleball,Declined,4/18/2022
Pickleball,Declined,5/29/2022
Pickleball,Declined,4/16/2024
Pickup Truck (A),Released as Emoji,4/2/2018
Pickup Truck (B),Released as Emoji,5/8/2018
Pickup Truck (C),Released as Emoji,9/25/2018
Pie,Released as Emoji,10/4/2016
Pie Face emoji,Declined,4/5/2022
Piece of Cake,Declined,5/31/2016
Pieces,Declined,7/31/2024
pierce earrings ,Declined,5/19/2024
Pigeon,Declined,6/27/2024
Piggy Bank / Maneki Neko,Declined,4/3/2018
Pill Box,Declined,10/27/2020
Pill Pack,Declined,12/18/2020
PILLOW,Declined,4/2/2024
Pillow,Declined,4/2/2024
Pillow,Declined,4/4/2024
Piñata,Released as Emoji,2/4/2019
Pinball,Declined,4/6/2024
Pinball flipper and ball,Declined,4/2/2024
Pinch,Released as Emoji,4/25/2018
Pinched Fingers,Released as Emoji,4/23/2019
Pinecone,Declined,7/13/2020
Pinecone,Declined,7/24/2022
Pink Circle,Declined,5/16/2024
Pink dinosaur ,decline,4/2/2025
Pink Heart,Released as Emoji,4/15/2021
Pink Heart,Declined,4/16/2019
Pink Tornado with Candy,Declined,7/30/2024
Pink-Square,Declined,4/25/2021
Pinkwine,Declined,5/31/2021
Pinky Promise,Declined,10/16/2018
Pinky promise,decline ,4/2/2025
Pint of Stout,decline,4/2/2025
Pipe,Declined,4/2/2018
Pirate,Declined,7/29/2024
pistachio,decline,4/2/2025
Pity Face,Declined,5/21/2018
Placard,Released as Emoji,2/5/2019
Places related,Expired,7/19/2017
PLAIN ICHTHYS,Declined,4/2/2024
Planets,Released as Emoji,11/29/2016
Plantain,Declined,7/31/2022
plastic bottle,Declined,5/19/2024
Plastic Chair,Declined,10/2/2018
Platypus,Declined,6/4/2022
Pleading Face,Released as Emoji,4/7/2017
Pleasure emoji,decline,4/2/2025
Plotting Face,Declined,7/30/2022
Plov - Central Asian Dish,Declined,4/8/2024
Plum,Declined,9/10/2020
Plunger,Released as Emoji,4/23/2019
PLUS SIZE WOMAN DANCING,Declined,4/15/2021
PLUS-SIZE + RUNNING,Declined,7/31/2024
Poison,Declined,11/16/2017
Polar Bear (A),Released as Emoji,2/13/2018
Polar Bear (B),Released as Emoji,2/13/2018
Polar Bear (C),Released as Emoji,6/26/2018
Polar Bear (D),Released as Emoji,3/13/2018
Polar Bear (E),Released as Emoji,7/30/2019
Pole Dancer,Declined,7/25/2022
Pom-pom,Declined,6/30/2022
Pomegranate,Decline,4/2/2025
pomegranate,decline,4/2/2025
Pomegranate (A),Expired,11/8/2019
Pomegranate (B),Declined,8/26/2020
Pongal,Declined,7/31/2024
Poodle colors ,Declined,7/31/2024
Poor physical condition,Declined,5/15/2024
Poppy,Expired,11/20/2018
Poppy,Declined,4/15/2021
Possibly Bird,Declined,11/21/2017
Postage Stamp,Declined,4/3/2024
Pot Leaf (marijuana),Declined,5/19/2021
Pot Of Gold,Declined,4/7/2022
Potted plant,Released as Emoji,7/31/2018
Pour,Released as Emoji,2/5/2020
Pour Milk,Declined,5/1/2022
Poutine,Declined,4/9/2019
Pouty Face,Declined,4/2/2024
Power Tool,Declined,6/1/2022
PPE,Declined,8/27/2021
Prayer Rug,Declined,7/31/2024
Pressure Washing,Declined,8/18/2021
Pretzel,Released as Emoji,11/14/2016
Pride Heart,Declined,4/15/2021
Primitive Face,Declined,8/1/2024
Prison,Declined,8/27/2021
Prisoner,Decline,4/2/2025
Programming,Declined,6/8/2018
Programming,Declined,5/22/2024
Promise,decline ,4/2/2025
protein,Declined,7/29/2022
Proud Face,Declined,3/29/2019
Psychotherapy,decline,4/2/2025
Public space,decline ,4/2/2025
Puddle,Declined,7/24/2017
Puffin,Expired,2/27/2018
Pulse,declined,4/2/2025
Puma,Declined,5/6/2021
PUPPET,Under Consideration,4/2/2025
Push Button,Under Consideration,4/8/2024
Pyramid,Expired,11/4/2020
Pyramid,Declined,4/6/2024
Quebec Flag RGI,Declined,9/12/2019
Raccoon dog,Declined,5/13/2022
RACING HELMET,Declined,7/31/2024
Raclette,Declined,2/19/2019
racquet,decline,4/2/2025
Radish,Declined,11/27/2018
Raging Face,Declined,4/4/2022
rain boot,decline,4/2/2025
Rainbow Corn,decline ,4/2/2025
Rainbow Flag,Released as Emoji,6/28/2016
Rainbow heart,Declined,6/21/2022
Rainbow-colored infinity symbol,Declined,4/21/2021
Raised Eyebrow,Released as Emoji,11/12/2015
Raised Little Finger,Under Consideration,10/1/2019
Ramp,decline,4/2/2025
Raptor,decline ,4/2/2025
Raspberry,Declined,5/20/2020
Raspberry,Under Consideration,6/23/2022
Rasta,Declined,7/31/2024
Ray,Declined,7/20/2022
Razor,Released as Emoji,12/19/2017
Razor Blade (cutter),Declined,5/22/2024
Reaching Out,Declined,7/31/2024
Reading,Declined,7/21/2022
Rebounder (trampoline),decline,4/2/2025
Recliner,Declined,7/31/2024
Red Awareness Ribbon,decline ,4/2/2025
Red carnation,Declined,7/30/2024
Red Cross / Crescent,Declined,2/19/2019
Red flag,Declined,4/21/2017
Red Gummy Bear,declined,4/2/2025
Red Panda (A),Declined,9/10/2020
Red Panda (B),Declined,9/10/2020
reduce,Declined,5/22/2024
Referee (A),Declined,4/24/2017
Referee (B),Expired,11/21/2017
Refrigerator,Decline,4/2/2025
Refrigerator,decline,4/2/2025
Refrigerator (A),Declined,9/19/2019
Refrigerator (B),Declined,10/30/2020
Religious Leader,decline ,4/2/2025
Religious Wear,Declined,5/28/2020
Remote Control,Declined,7/31/2022
remote control,Declined,5/16/2024
Rice Cake,Declined,8/30/2021
Rice Cooker,decline,4/2/2025
Right Pushing Hand,Released as Emoji,9/10/2020
Ringed Planet,Released as Emoji,4/18/2018
Ringing Bell,Declined,7/24/2017
River,Declined,9/3/2019
Roasted Marshmallow,Expired,11/9/2018
Rock,Released as Emoji,4/23/2019
Rocky Planet with Craters,Declined,7/19/2024
Rollator,Declined,7/29/2022
Roller Skates,Released as Emoji,4/23/2019
Romani Wheel,decline,4/2/2025
Romper,decline ,4/2/2025
Root,decline ,4/2/2025
Rope,Declined,2/26/2019
Rosary,Declined,7/23/2024
Rosé (wine),Declined,11/20/2018
Rotisserie,Expired,4/18/2018
Rotten Brain,decline,4/2/2025
Rubber Duck,Declined,11/19/2019
rubber duck,Declined,4/4/2022
Rubber Stamp,Declined,8/1/2022
Rubbing Hands,Declined,4/3/2024
RUG,decline,4/2/2025
Rye Bread,Declined,12/3/2018
Sad Hug,Declined,4/20/2022
Sad Money-Mouth Face,decline ,4/2/2025
sad poop,Declined,7/29/2024
Safe,Declined,7/26/2024
Salamander,Expired,10/23/2018
salmon roe,Declined,5/19/2024
Salsa,Declined,7/31/2022
Salteña,Declined,2/20/2018
Saluting Face (A),Declined,6/7/2018
Saluting Face (B),Released as Emoji,4/23/2019
Saluting Face (C),Released as Emoji,10/29/2019
Sami Language Flag (A),Declined,6/26/2017
Sami Language Flag (B),Declined,2/6/2020
Samosa,Declined,4/14/2021
Samosa,decline,4/2/2025
Samurai,Declined,4/7/2024
Samurai,Declined,4/7/2024
Sandwich,Released as Emoji,11/14/2016
Sanguche de Milanesa,Declined,4/3/2024
Sanitary Napkin,Declined,7/31/2022
Sanitary Pad,Declined,8/1/2022
Sardines,decline,4/2/2025
Sari,Released as Emoji,4/26/2018
Sats symbol,Declined,7/30/2022
SAUSAGE,Declined,5/27/2021
Save Money,Declined,4/12/2018
Scallion,Declined,7/31/2024
Scallop Shell 1,Declined,8/25/2021
Scalpel,decline,4/2/2025
SCAR,Declined,6/26/2024
Scarf,Released as Emoji,10/24/2016
Science,Released as Emoji,12/6/2016
Scolding Face,Declined,7/31/2022
Scone,Expired,2/27/2018
Scout Sign,Declined,9/9/2019
Scratching-Head ,Decline,4/2/2025
Screwdriver,Released as Emoji,5/8/2018
Scribble,Declined,7/31/2024
Scuba Diver,Declined,8/27/2020
Sculpture (A),Declined,4/6/2020
Sculpture (B),Declined,4/6/2020
SDG Wheel,Declined,7/30/2024
Sea Level Rise,Declined,7/30/2022
Sea Snail,Declined,4/21/2024
Sea urchin,Declined,6/8/2022
Seahorse,Declined,10/16/2018
Seal,Released as Emoji,4/23/2019
Searching,Declined,9/26/2017
Seatbelt Emoji,Declined,6/24/2021
Seaweed,Declined,8/1/2022
Secret Face,Declined,8/31/2021
Seeing stars face,Declined,4/5/2022
Seeing stars face,Declined,6/21/2022
Seesaw,Declined,5/14/2020
Semla,Decline,4/2/2025
Separate 1F635,Declined,2/13/2018
Server,Declined,4/2/2024
Server,Declined,4/2/2024
Sewing Machine,Declined,8/31/2021
Shaking Face,Released as Emoji,2/5/2020
SHAKING FIST FACE,Declined,6/10/2022
Shanyrak - Symbol of Home,Declined,4/8/2024
Share-on-Evil Monkey,Declined,8/22/2019
Sherlock Holmes,Declined,5/22/2018
Shiba Inu,Declined,7/31/2022
Shifty Eyed Face,Declined,7/31/2022
Shiitake,Declined,5/9/2022
Shisha,Declined,7/19/2022
shocked face - firey eyes,decline,4/2/2025
Shovel (A),Declined,4/9/2019
Shovel (B),Released as Emoji,7/28/2020
Shy Face,Declined,8/1/2024
Side eye,decline,4/2/2025
Side eye w/ straight lips,decline ,4/2/2025
side-eye,decline,4/2/2025
Side-Eyed face emoji ,decline,4/2/2025
Sideways Thumb,Declined,7/31/2020
Sikh Khanda,Released as Emoji,7/3/2020
Sikh temple (Gurdwara),Under Consideration,4/2/2025
Silly Dog,Declined,4/12/2018
Silver Coin,decline,4/2/2025
Simit,Declined,8/31/2021
Simit,Declined,8/31/2021
Sinking Ship,Declined,6/24/2022
Sitting/Standing/Kneeling Person,Released as Emoji,4/3/2018
Six Chinese Styles,Expired,11/29/2016
Skirt,Expired,11/27/2018
Skunk,Released as Emoji,4/18/2018
Sled,Released as Emoji,5/10/2016
Slide,Released as Emoji,5/19/2020
Sloth (A),Declined,11/30/2017
Sloth (B),Released as Emoji,3/2/2018
Smiley Facewith Birthmark,Declined,7/31/2024
Smiley with eye twitch,decline ,4/2/2025
SmileywithNEVUS birthmark,Declined,7/31/2024
Smiling Face Mask,Declined,8/27/2020
Smiling Face w/ Fire-Eyes,Declined,4/4/2022
Smiling Face With Beanie,declined,4/2/2025
Smiling Face with Blood aka bloody nose,decline ,4/2/2025
Smiling Face with Leftward Eyes,Declined,3/20/2020
Smiling Face with Tear,Released as Emoji,4/23/2019
Smiling HMD face,Declined,7/24/2017
smiling squinting face,Declined,7/27/2022
Smiling with headphones,Declined,5/19/2020
Smilodon,Declined,6/5/2024
Smoothie,Declined,2/27/2018
Smug,Declined,7/30/2022
Snapping Hand Fingers,Released as Emoji,8/21/2019
Snorkel Face,Declined,4/12/2018
Snow Leopard,Declined,5/19/2020
Snowmobile,Declined,7/30/2024
Soccer Player,Declined,1/6/2020
Socks,Released as Emoji,8/16/2016
Soft Pink Heart,Declined,7/31/2024
Softball,Declined,12/20/2017
SOJU,Declined,4/16/2022
Solar Eclipse,Declined,4/13/2024
Solar Panel,Expired,8/22/2019
Solar Panel,Declined,8/13/2021
Solar Sail,decline,4/2/2025
South-YemenCulturalSymbol,Declined,5/12/2024
Soy Sauce,Declined,4/16/2018
Space Rover,Declined,6/27/2024
Sparkly eyes face,Declined,7/21/2022
Sparrow,Declined,7/28/2022
Speak Out Against Crime ,Declined,4/3/2024
Speaking in Someone's Ear,Under Consideration,4/2/2025
Sphinx,Declined,4/5/2024
SPICE,Declined,7/20/2022
Spine,Declined,10/27/2020
Spine,Declined,4/5/2024
splatter,Released as Emoji,7/31/2022
Sports related,Expired,6/30/2017
Spray Can,Under Consideration,2/6/2020
spring,declined,4/2/2025
Spritz Drink ,decline,4/2/2025
squash,Declined,7/29/2022
Squash (sport) A,Declined,3/20/2018
Squash (sport) B,Declined,9/13/2019
Squash (sport) C,Declined,12/8/2016
Squatting Person,Declined,7/31/2022
Squeeze Tube,Declined,11/12/2019
Squinting Face,Under Consideration,8/16/2021
Squirrel,Declined,1/3/2018
Stablecoin,decline ,4/2/2025
Stairs,Declined,7/31/2024
Stand-up Paddleboard,Declined,8/29/2019
Standard Motorcycle,decline,4/2/2025
Stapler,Declined,4/22/2024
Starfish,Expired,11/20/2018
starfish,Declined,7/31/2022
Steamy Room,Released as Emoji,8/15/2016
Steelpan,Declined,8/31/2021
steelpan,Decline,4/2/2025
Steepled Hands,Declined,7/31/2024
Stegosaurus,Expired,4/17/2018
Stethoscope,Released as Emoji,4/25/2018
Sticky Note,Declined,7/9/2019
Stingray,Declined,6/25/2024
Stinky Trash Bag,decline ,4/2/2025
Stomach,Declined,10/27/2020
Stomach,Declined,7/28/2022
Stool Emoji,Declined,7/25/2022
Stork,Expired,10/4/2016
Stork,Declined,7/31/2024
Stout Emoji,Declined,7/23/2024
Stressed Out Face,Declined,1/8/2018
stretching cat,Declined,7/31/2024
Stroller,decline ,4/2/2025
Stuffed,Declined,4/4/2022
Stuffed Mouth,Declined,7/31/2022
Stump,Declined,3/19/2019
stylus,Declined,5/21/2024
Sub sandwich,Expired,7/19/2017
Submarine,Under Consideration,8/20/2019
Sugar,Declined,5/16/2024
Sunglasses Cat,Expired,9/19/2017
Sunscreen,Declined,6/21/2017
Sunset Landscape,Declined,8/10/2020
Surgeon,Declined,8/27/2021
Surgical Mask,Declined,6/11/2020
Surrealist Face,Declined,7/7/2020
Surveillance Camera,Declined,5/22/2018
SWALLOW,decline,4/2/2025
sweater,Declined,4/2/2024
Szekely Gate,Declined,6/3/2024
Table,Expired,11/4/2020
table,Declined,8/31/2021
TABLET (Compressed Tablet),Declined,8/31/2021
Take it easy,Declined,5/16/2024
Takeaway Hot Beverage,Declined,2/3/2020
Takeout Box,Released as Emoji,1/19/2016
Takoyaki,Declined,5/19/2024
takoyaki,Declined,5/19/2024
talking out side of neck,Declined,7/25/2024
Tall Glass,Declined,11/7/2019
Tamale,Released as Emoji,4/23/2019
Tamales,Released as Emoji,2/20/2018
Tambourine,decline,4/2/2025
Tampon,Declined,4/2/2019
Tampon with blood,decline,4/2/2025
Tandem,Declined,7/31/2024
Tandem Bicycle,decline,4/2/2025
Tape,Declined,4/4/2022
Tape,Declined,5/24/2022
Tapir,Expired,5/22/2018
TATTOO,Declined,7/31/2024
tea,Declined,7/25/2022
Teamwork,decline,4/2/2025
Teapot (A),Released as Emoji,4/9/2019
Teapot (B),Released as Emoji,4/16/2019
Tequila Shot,Declined,4/26/2024
Tereré,Declined,10/31/2016
Tetsubin,Declined,7/30/2024
The Greatest Name,Declined,6/16/2024
The Internet,declined,4/2/2025
The Lamentation de Fleur,Declined,7/31/2024
Thief,Declined,5/23/2021
Third Eye Face,Declined,7/21/2022
Thong Sandal / Flip-Flop (A),Released as Emoji,4/9/2019
Three finger salute,Expired,8/28/2017
Three Finger Salute,Under Consideration,6/23/2016
Throw the roc emoji,Declined,4/21/2022
Thumb point,Recommended to UTC,4/2/2025
Thumbs-Up Smiley,Declined,11/9/2018
Tickle,Declined,5/21/2018
Timeout Hand Symbol,Declined,7/23/2024
Tin Foil Hat Face,decline,4/2/2025
Tincture,Declined,3/29/2019
Tinfoil Hat Smiley,decline ,4/2/2025
Tissue Box,Declined,7/31/2018
TOAST,Declined,4/15/2021
Toaster,Declined,4/23/2019
Tofu,Declined,10/1/2019
TOFU,Declined,4/2/2024
Together,Declined,7/14/2020
Toothbrush,Released as Emoji,4/23/2019
Torah,Declined,3/20/2020
Toucan,Declined,9/1/2021
Touchdown,Declined,7/31/2022
Towel with pattern,Declined,7/26/2022
Traffic Cone,Declined,4/23/2019
Traffic Cone,Declined,4/11/2024
Traffic Light Sequence,Declined,8/12/2020
Trail,Declined,4/16/2024
Train Conductor,Declined,6/16/2022
Trampoline,Declined,4/8/2024
Transgender flag (A),Declined,4/3/2017
Transgender flag (B),Released as Emoji,3/14/2019
Transmission Tower,decline,4/2/2025
Treasure Chest,Released as Emoji,7/31/2024
Treasure Chest,Declined,10/16/2018
Triceratops,Declined,3/19/2019
Triceratops,Declined,4/2/2024
Trigger Fingers,decline,4/2/2025
Troll (A),Released as Emoji,6/25/2019
Troll (B),Released as Emoji,12/13/2019
Trombone (A),Released as Emoji,11/30/2017
Trombone (B),Released as Emoji,12/6/2019
TROWEL,Declined,6/10/2024
Tryzub,Declined,7/26/2022
Tumbleweed,Under Consideration,4/2/2025
Tumbleweed (A),Declined,6/22/2016
Tumbleweed (B),Declined,8/7/2018
Turkic Headdress,Declined,4/8/2024
Turkish Tea,Declined,4/15/2021
Twenty-Sided Die (B),Declined,7/29/2020
Twirling Baton,Declined,10/16/2018
Two Hands Reaching Out,decline ,4/2/2025
Two People Hugging,Released as Emoji,4/16/2019
Typewriter,Declined,10/16/2018
Tyre (Wheel),Released as Emoji,4/23/2019
U+1F222,Declined,5/22/2018
Ukulele,Declined,5/22/2018
ukulele,Declined,8/19/2021
Undercarriage,decline,4/2/2025
Underwear,Released as Emoji,4/25/2018
unicycle,Declined,8/18/2021
Unity,Declined,8/22/2019
Up Switch & Down Switch,Declined,7/29/2024
Upset Face,Declined,4/5/2022
Uranus,Declined,4/2/2024
US state/other flags,Declined,4/7/2017
USB,Declined,11/19/2019
Uterus,Declined,7/29/2024
UwU Emoji,Decline,4/2/2025
Vaccinated,Declined,7/15/2021
Vacuum Cleaner,Expired,10/30/2020
Van Emoji,Declined,6/27/2024
VANILLA,Declined,4/15/2022
Varying ways to cook bacon ,Declined,7/1/2024
Vending Machine,Declined,7/1/2024
Venus,Declined,4/2/2024
Venus Fly Trap,Declined,8/27/2020
Vertebral Body,decline,4/2/2025
Vieira Shell,Expired,2/20/2018
Viking / Horned Helmet,Declined,8/11/2020
Village,Declined,7/30/2022
Vinyl record (A),Declined,9/19/2017
Vinyl record (B),Expired,9/12/2019
Vinyl Record (C),Declined,3/19/2019
Vinyl Record (D),Under Consideration,3/26/2020
Vinyl Record Player,Declined,11/19/2019
VIOLET FLOWER,Declined,8/16/2021
Virus/Bacteria,Declined,2/27/2018
Vitiligo,decline,4/2/2025
Volleyball-Net,Declined,6/1/2022
VR,Declined,6/24/2022
VR Headset (A),Declined,11/21/2017
VR Headset (B),Declined,10/2/2018
Vulture,Under Consideration,10/1/2019
Vulva/Vagina,Declined,11/12/2019
Waffle (A),Released as Emoji,2/1/2018
Waffle (B),Released as Emoji,3/29/2018
Waffle (C),Released as Emoji,3/29/2018
Waffle (D),Released as Emoji,3/29/2018
Wagon,Declined,3/31/2020
Wagon,Declined,7/30/2024
Walkie-Talkie,Declined,3/29/2018
Wall,Under Consideration,4/2/2025
Wallet,Declined,2/11/2020
Walrus Emoji,Declined,6/5/2024
Walrus Emoji,Declined,6/9/2024
Washing Machine,Expired,12/8/2016
Washing machine,declined,4/2/2025
Water Bottle,Declined,7/28/2020
Water Pistol,Declined,6/8/2018
Water Safety Flag,Declined,2/27/2018
Waterfall,Declined,5/31/2022
Watering Can,Declined,9/24/2019
Watering Can,decline,4/2/2025
Wave-Dissipating Block,Declined,4/7/2024
Weather symbols,Expired,10/4/2016
Webcam,Declined,8/31/2021
Weight Scale (B),Declined,12/18/2020
WELP,Declined,4/13/2022
West coast hand,Expired,7/26/2016
Westsyde,decline,4/2/2025
What even is this,Declined,10/12/2016
Wheat Beer,Declined,7/27/2022
WHEELIE BIN,Declined,4/5/2024
Whip,Declined,7/25/2022
Whisk,decline ,4/2/2025
Whispering Face,Declined,5/31/2022
Whistle,Expired,2/19/2019
WHISTLE,Declined,6/7/2021
Whistling,declined,4/2/2025
Whistling Face with Music Notes,Declined,4/19/2021
White Blood Cell,Declined,12/18/2020
white ermine,decline,4/2/2025
White Green Capsule,decline ,4/2/2025
White Heart,Declined,11/30/2017
White Rose,Expired,8/23/2016
White Sausage,Declined,7/27/2022
white wine,Declined,7/15/2022
White Wine (A),Declined,3/29/2018
White Wine (B),Declined,6/26/2018
White Wine (C),Declined,5/23/2018
White Wine (D),Declined,7/17/2019
Wide-eyed face,Declined,7/28/2024
Wide-eyed Face with Sweat,Declined,4/20/2021
WILDFIRE,Declined,7/1/2024
Wind Turbine,Declined,5/21/2020
wind turbine,Declined,7/29/2022
Windmill,Under Consideration,5/19/2020
Window,Released as Emoji,4/16/2019
Wine Bottle,Declined,4/15/2021
Wing,Released as Emoji,7/23/2021
Winged Dragon,Declined,3/19/2019
Winking Shush,Decline,4/2/2025
Winking with thermometer,Declined,1/11/2018
Wireless,Released as Emoji,7/22/2020
Wireless Earphones,Declined,5/17/2024
Witch Hat,Declined,8/4/2021
Woman Air Force,Declined,5/28/2022
Woman in Head Scarf,Released as Emoji,8/29/2016
Woman in Saree / Sari,Released as Emoji,2/27/2017
Woman with Birthmark,Declined,7/31/2024
Woman with Glasses,Declined,11/14/2018
Wombat,Declined,4/26/2022
Women's headdress,Declined,4/8/2024
Women's Silent Resilience,decline ,4/2/2025
Wood,Released as Emoji,4/2/2019
Wooden Wheel,Under Consideration,8/1/2025
Woodpecker,decline,4/2/2025
Worm,Released as Emoji,12/18/2018
Wrapped Food in Leaf,Declined,11/9/2018
X-Ray,Released as Emoji,3/26/2020
Xiangqi (Chinese chess),Declined,7/31/2022
Yawning Face,Released as Emoji,12/19/2017
Yeast,Declined,3/29/2019
Yeast,Declined,4/20/2024
Yellow Kiwi,Declined,11/19/2019
Yes/No/Probably,Declined,11/27/2018
YETI,Declined,5/16/2021
Yo-yo,Released as Emoji,4/18/2018
Yoga,Declined,1/17/2020
Yogurt,Declined,7/31/2024
Yogurt (A),Declined,9/24/2019
Yogurt (B),Declined,3/3/2020
Yorkshire Pudding,Declined,8/23/2021
Yurt - Nomadic Dwelling,Declined,4/8/2024
Zany Face,Released as Emoji,9/26/2016
Zebra Facing Right,decline ,4/2/2025
Zeppelin,Declined,4/18/2024
Zero Stigma HIV,Declined,7/29/2024
Zombie,Released as Emoji,9/29/2016
Zongzi,Declined,7/30/2022